n,requete_n,requete,rang,titre,domaine
1,1,Notaires du Grand Paris 2e trimestre 2026 prix appartements anciens,1,Le marché immobilier résidentiel ancien dans Ie Grand Paris 30 avril 2026,notaires.fr
2,1,Notaires du Grand Paris 2e trimestre 2026 prix appartements anciens,2,Le marché immobilier résidentiel ancien dans Ie Grand Paris 29 janvier 2026,notairesdugrandparis.fr
3,1,Notaires du Grand Paris 2e trimestre 2026 prix appartements anciens,3,Immobilier francilien : le marché a poursuivi son redressement au T2 2026 (Notaires du Grand Paris) - Immo Matin,immomatin.com
4,1,Notaires du Grand Paris 2e trimestre 2026 prix appartements anciens,4,Le marché immobilier résidentiel ancien dans Ie Grand Paris 26 mars 2026,notairesdugrandparis.fr
5,1,Notaires du Grand Paris 2e trimestre 2026 prix appartements anciens,5,Conjoncture immobilière en Ile-de-France au 2e trimestre 2026,notaires.fr
6,1,Notaires du Grand Paris 2e trimestre 2026 prix appartements anciens,6,Communiqué de presse Les chiffres en Ile-de-France Paris Petite Couronne,notairesdugrandparis.fr
7,1,Notaires du Grand Paris 2e trimestre 2026 prix appartements anciens,7,Marché immobilier du Grand Paris : reprise fragile au T1 2026,monimmeuble.com
8,1,Notaires du Grand Paris 2e trimestre 2026 prix appartements anciens,8,Île-de-France au 2e trimestre 2026 : les ventes repartent-elles vraiment ?,diagogo.fr
9,1,Notaires du Grand Paris 2e trimestre 2026 prix appartements anciens,9,Prix immobilier 2026 : évolution des prix des logements anciens au deuxième trimestre,titrespresse.com
10,2,"""Dossier de presse_T2 2026"" notaires",1,Les dossiers de presse,notaires.fr
11,2,"""Dossier de presse_T2 2026"" notaires",2,Conjoncture immobilière en Ile-de-France au 2e trimestre 2026,notaires.fr
12,2,"""Dossier de presse_T2 2026"" notaires",3,Communiqué de presse Les chiffres en Ile-de-France Paris Petite Couronne,notairesdugrandparis.fr
13,2,"""Dossier de presse_T2 2026"" notaires",4,Calaméo - dossier de presse - présentation du bureau 2024 2026,calameo.com
14,2,"""Dossier de presse_T2 2026"" notaires",5,"Baromètre immobilier T2 2026 : les prix se stabilisent, le crédit redevient le vrai sujet",monchasseurimmo.com
15,2,"""Dossier de presse_T2 2026"" notaires",6,"Observatoire Fiducial des notaires 2026 : une rentabilité en hausse, sur fond de reprise immobilière encore fragile.",village-justice.com
16,2,"""Dossier de presse_T2 2026"" notaires",7,Conjoncture immobilière francilienne en janvier 2026,notaires.fr
17,2,"""Dossier de presse_T2 2026"" notaires",8,Note de conjoncture immobilière des Notaires de France : un équilibre à préserver - Actu-Juridique,actu-juridique.fr
18,2,"""Dossier de presse_T2 2026"" notaires",9,"Notaires de France : 958 000 transactions (+11 % transactions sur un an), ""une reprise sans excès"" - Immo Matin",immomatin.com
19,3,site:paris.notaires.fr Dossier de presse T2 2026 pdf,1,DOSSIER DE PRESSE • 28 MAI 2026 1 LE MARCHÉ IMMOBILIER FRANCILIEN,notaires.fr
20,3,site:paris.notaires.fr Dossier de presse T2 2026 pdf,2,Communiqué de presse Les chiffres en Ile-de-France Paris Petite Couronne,notaires.fr
21,3,site:paris.notaires.fr Dossier de presse T2 2026 pdf,3,Le marché immobilier résidentiel ancien dans Ie Grand Paris 26 mars 2026,notaires.fr
22,3,site:paris.notaires.fr Dossier de presse T2 2026 pdf,4,Le marché immobilier résidentiel ancien dans Ie Grand Paris 30 avril 2026,notaires.fr
23,3,site:paris.notaires.fr Dossier de presse T2 2026 pdf,5,Conjoncture immobilière francilienne en février 2026,notaires.fr
24,3,site:paris.notaires.fr Dossier de presse T2 2026 pdf,6,Conjoncture immobilière en Ile-de-France au 2e trimestre 2026,notaires.fr
25,3,site:paris.notaires.fr Dossier de presse T2 2026 pdf,7,"Le marché immobilier francilien : bilan 2025, 4e trimestre et perspectives",notaires.fr
26,3,site:paris.notaires.fr Dossier de presse T2 2026 pdf,8,Conjoncture immobilière en Ile-de-France de mars à mai 2026,notaires.fr
27,3,site:paris.notaires.fr Dossier de presse T2 2026 pdf,9,Présentation de la nouvelle Chambre des notaires de Paris et du programme du président élu,notaires.fr
28,4,site:notairesdugrandparis.fr Dossier de presse T2 2026,1,Communiqué de presse Les chiffres en Ile-de-France Paris Petite Couronne,notairesdugrandparis.fr
29,4,site:notairesdugrandparis.fr Dossier de presse T2 2026,2,Le marché immobilier résidentiel ancien dans Ie Grand Paris 29 janvier 2026,notairesdugrandparis.fr
30,4,site:notairesdugrandparis.fr Dossier de presse T2 2026,3,Le marché immobilier résidentiel ancien dans Ie Grand Paris 26 mars 2026,notairesdugrandparis.fr
31,4,site:notairesdugrandparis.fr Dossier de presse T2 2026,4,Espace presse,notairesdugrandparis.fr
32,4,site:notairesdugrandparis.fr Dossier de presse T2 2026,5,Chambre de Paris,notairesdugrandparis.fr
33,4,site:notairesdugrandparis.fr Dossier de presse T2 2026,6,Conjoncture immobilière en Ile-de-France de février à avril 2026,notairesdugrandparis.fr
34,4,site:notairesdugrandparis.fr Dossier de presse T2 2026,7,Chambre de Paris,notairesdugrandparis.fr
35,4,site:notairesdugrandparis.fr Dossier de presse T2 2026,8,Conjoncture immobilière en Ile-de-France de mars à mai 2026,notairesdugrandparis.fr
36,4,site:notairesdugrandparis.fr Dossier de presse T2 2026,9,Conjoncture immobilière en ile-de-France,notairesdugrandparis.fr
37,5,"""DOSSIER DE PRESSE"" ""8 SEPTEMBRE 2026"" marché immobilier francilien 2e trimestre",1,"« Lenteur, fragilité, attentisme » : le marché immobilier francilien toujours à la peine au 2e trimestre - JSS",jss.fr
38,5,"""DOSSIER DE PRESSE"" ""8 SEPTEMBRE 2026"" marché immobilier francilien 2e trimestre",2,Conjoncture immobilière en Ile-de-France au 2e trimestre 2026,notaires.fr
39,5,"""DOSSIER DE PRESSE"" ""8 SEPTEMBRE 2026"" marché immobilier francilien 2e trimestre",3,Bilan de la conjoncture immobilière francilienne au 2e trimestre 2026 - Actu-Juridique,actu-juridique.fr
40,5,"""DOSSIER DE PRESSE"" ""8 SEPTEMBRE 2026"" marché immobilier francilien 2e trimestre",4,Marché immobilier en Île-de-France : reprise fragile au 2e trimestre 2026,monimmeuble.com
41,5,"""DOSSIER DE PRESSE"" ""8 SEPTEMBRE 2026"" marché immobilier francilien 2e trimestre",5,Conjoncture immobilière en Ile de France au 2ème trimestre 2026 : une reprise de l'activité progressive mais un marché toujours fragile. - Chambre des Notaires de l’Ouest Parisien,notaires.fr
42,5,"""DOSSIER DE PRESSE"" ""8 SEPTEMBRE 2026"" marché immobilier francilien 2e trimestre",6,Immobilier francilien : le marché a poursuivi son redressement au T2 2026 (Notaires du Grand Paris) - Immo Matin,immomatin.com
43,5,"""DOSSIER DE PRESSE"" ""8 SEPTEMBRE 2026"" marché immobilier francilien 2e trimestre",7,"Immobilier en Île-de-France : la reprise se confirme, mais le marché reste fragile - wargny-lelong",notaires.fr
44,5,"""DOSSIER DE PRESSE"" ""8 SEPTEMBRE 2026"" marché immobilier francilien 2e trimestre",8,Île-de-France au 2e trimestre 2026 : les ventes repartent-elles vraiment ?,diagogo.fr
45,5,"""DOSSIER DE PRESSE"" ""8 SEPTEMBRE 2026"" marché immobilier francilien 2e trimestre",9,Immobilier Septembre 2026 : les Meilleures Actualités en France,immobilier-danger.com
46,6,notairesdugrandparis.fr 2026-09 Dossier de presse T2 2026 appartements anciens prix au m² 92 93 94 77 78 91 95,1,Communiqué de presse Les chiffres en Ile-de-France Paris Petite Couronne,notairesdugrandparis.fr
47,6,notairesdugrandparis.fr 2026-09 Dossier de presse T2 2026 appartements anciens prix au m² 92 93 94 77 78 91 95,2,Le marché immobilier résidentiel ancien dans Ie Grand Paris 29 janvier 2026,notairesdugrandparis.fr
48,6,notairesdugrandparis.fr 2026-09 Dossier de presse T2 2026 appartements anciens prix au m² 92 93 94 77 78 91 95,3,Le marché immobilier résidentiel ancien dans Ie Grand Paris 26 mars 2026,notairesdugrandparis.fr
49,6,notairesdugrandparis.fr 2026-09 Dossier de presse T2 2026 appartements anciens prix au m² 92 93 94 77 78 91 95,4,Communiqué de presse Les chiffres en Ile-de-France Paris Petite Couronne,notaires.fr
50,6,notairesdugrandparis.fr 2026-09 Dossier de presse T2 2026 appartements anciens prix au m² 92 93 94 77 78 91 95,5,Prix au m² standardisés des appartements anciens par ...,notairesdugrandparis.fr
51,6,notairesdugrandparis.fr 2026-09 Dossier de presse T2 2026 appartements anciens prix au m² 92 93 94 77 78 91 95,6,Le marché immobilier résidentiel ancien dans Ie Grand Paris 30 avril 2026,notaires.fr
52,6,notairesdugrandparis.fr 2026-09 Dossier de presse T2 2026 appartements anciens prix au m² 92 93 94 77 78 91 95,7,Prix au m² standardisés des appartements anciens par ...,notaires.fr
53,6,notairesdugrandparis.fr 2026-09 Dossier de presse T2 2026 appartements anciens prix au m² 92 93 94 77 78 91 95,8,Historique des prix au m² standardisés des appartements ...,notaires.fr
54,6,notairesdugrandparis.fr 2026-09 Dossier de presse T2 2026 appartements anciens prix au m² 92 93 94 77 78 91 95,9,Prix au m² des appartements anciens sous-jacents aux indices Notaires-INSEE,notaires.fr
55,7,"""Dossier de presse • 8 septembre 2026"" Grand Paris",1,Paris Region Dossier de presse international - 2026,visitparisregion.com
56,7,"""Dossier de presse • 8 septembre 2026"" Grand Paris",2,L'essentiel de la semaine du 14 septembre 2026 en quelques clics,lejournaldugrandparis.fr
57,7,"""Dossier de presse • 8 septembre 2026"" Grand Paris",3,Paris Presse,paris.fr
58,7,"""Dossier de presse • 8 septembre 2026"" Grand Paris",4,Journalists,grandpalais.fr
59,7,"""Dossier de presse • 8 septembre 2026"" Grand Paris",5,Le journal du Grand Paris - L'actualité du développement économique de l'Ile-de-France,lejournaldugrandparis.fr
60,7,"""Dossier de presse • 8 septembre 2026"" Grand Paris",6,Presse,societedesgrandsprojets.fr
61,7,"""Dossier de presse • 8 septembre 2026"" Grand Paris",7,2026 Paris Motor Show,wikipedia.org
62,7,"""Dossier de presse • 8 septembre 2026"" Grand Paris",8,Que faire à Paris le mardi 8 septembre 2026 ? Les sorties et événements du jour,titrespresse.com
63,7,"""Dossier de presse • 8 septembre 2026"" Grand Paris",9,Noisy-le-Grand,wikipedia.org
64,8,service-public.fr frais de notaire achat immobilier ancien F17701,1,"Frais de notaire maison ancienne : montant, calcul",foncia.com
65,8,service-public.fr frais de notaire achat immobilier ancien F17701,2,Achat d'un bien immobilier : quels frais de notaire devez-vous payer ?,economie.gouv.fr
66,8,service-public.fr frais de notaire achat immobilier ancien F17701,3,Frais de notaire (2026) : Calcul de vos frais de notaire,pap.fr
67,8,service-public.fr frais de notaire achat immobilier ancien F17701,4,Combien coûtent les frais de notaire dans l'ancien en 2026 ?,empruntis.com
68,8,service-public.fr frais de notaire achat immobilier ancien F17701,5,Frais de notaire dans l'ancien : que recouvrent-ils ? - fnaim.fr,fnaim.fr
69,8,service-public.fr frais de notaire achat immobilier ancien F17701,6,"Simulateur frais de notaire 2026 — Estimation instantanée (ancien & neuf, par département)",lescalculateurs.fr
70,8,service-public.fr frais de notaire achat immobilier ancien F17701,7,Frais de notaire 2026 : ancien vs neuf - Le comparatif complet,lescalculateurs.fr
71,8,service-public.fr frais de notaire achat immobilier ancien F17701,8,"Frais de notaire achat ancien 2026 : calcul, barème et exemples",frais-de-notaire.fr
72,8,service-public.fr frais de notaire achat immobilier ancien F17701,9,Quels sont les frais de notaire dans l’ancien ?- Masteos,masteos.com
73,9,"site:notairesdugrandparis.fr ""8 septembre 2026""",1,Le marché immobilier résidentiel ancien dans Ie Grand Paris 29 janvier 2026,notairesdugrandparis.fr
74,9,"site:notairesdugrandparis.fr ""8 septembre 2026""",2,8ème Acte,notairesdugrandparis.fr
75,9,"site:notairesdugrandparis.fr ""8 septembre 2026""",3,AUTEUIL NOTAIRES,notairesdugrandparis.fr
76,9,"site:notairesdugrandparis.fr ""8 septembre 2026""",4,Communiqué de presse Les chiffres en Ile-de-France Paris Petite Couronne,notairesdugrandparis.fr
77,9,"site:notairesdugrandparis.fr ""8 septembre 2026""",5,Odile CLAPPE,notairesdugrandparis.fr
78,9,"site:notairesdugrandparis.fr ""8 septembre 2026""",6,Le marché immobilier francilien au 3e trimestre 2025 et perspectives,notairesdugrandparis.fr
79,9,"site:notairesdugrandparis.fr ""8 septembre 2026""",7,Carte des prix de l’immobilier du Grand Paris,notairesdugrandparis.fr
80,9,"site:notairesdugrandparis.fr ""8 septembre 2026""",8,Conjoncture immobilière en ile-de-France,notairesdugrandparis.fr
81,9,"site:notairesdugrandparis.fr ""8 septembre 2026""",9,La réforme de la copropriété,notairesdugrandparis.fr
82,9,"site:notairesdugrandparis.fr ""8 septembre 2026""",10,2026 United Left primary,wikipedia.org
83,10,site:service-public.fr frais de notaire achat logement,1,Besoin d’aide ? Une remarque ? - Calculer les frais de notaire pour un achat immobilier,service-public.fr
84,10,site:service-public.fr frais de notaire achat logement,2,Signaler un problème sur Acheter un bien immobilier vendu par le Domaine (Service en ligne),service-public.fr
85,10,site:service-public.fr frais de notaire achat logement,3,Préavis et formalités du congé donné par le propriétaire (bailleur) - Ma situation personnalisée,service-public.fr
86,10,site:service-public.fr frais de notaire achat logement,4,1,service-public.fr
87,10,site:service-public.fr frais de notaire achat logement,5,État des lieux d'entrée dans un bail d'habitation,service-public.fr
88,10,site:service-public.fr frais de notaire achat logement,6,Calculer le montant des frais d'acquisition d'un bien immobilier,service-public.fr
89,10,site:service-public.fr frais de notaire achat logement,7,www.assemblee-nationale.fr,assemblee-nationale.fr
90,10,site:service-public.fr frais de notaire achat logement,8,www.assemblee-nationale.fr,assemblee-nationale.fr
91,10,site:service-public.fr frais de notaire achat logement,9,www.assemblee-nationale.fr,assemblee-nationale.fr
92,11,Notaires du Grand Paris T2 2026 prix appartements Paris 9 560 € départements,1,"Immobilier Île-de-France : ventes +10 %, prix stables au T2 - MySweetimmo",mysweetimmo.com
93,11,Notaires du Grand Paris T2 2026 prix appartements Paris 9 560 € départements,2,Le marché immobilier résidentiel ancien dans Ie Grand Paris 29 janvier 2026,notairesdugrandparis.fr
94,11,Notaires du Grand Paris T2 2026 prix appartements Paris 9 560 € départements,3,Le marché immobilier résidentiel ancien dans Ie Grand Paris 30 avril 2026,notaires.fr
95,11,Notaires du Grand Paris T2 2026 prix appartements Paris 9 560 € départements,4,Le marché immobilier résidentiel ancien dans Ie Grand Paris 26 mars 2026,notairesdugrandparis.fr
96,11,Notaires du Grand Paris T2 2026 prix appartements Paris 9 560 € départements,5,Immobilier francilien : le marché a poursuivi son redressement au T2 2026 (Notaires du Grand Paris) - Immo Matin,immomatin.com
97,11,Notaires du Grand Paris T2 2026 prix appartements Paris 9 560 € départements,6,Communiqué de presse Les chiffres en Ile-de-France Paris Petite Couronne,notairesdugrandparis.fr
98,11,Notaires du Grand Paris T2 2026 prix appartements Paris 9 560 € départements,7,Prix m2 Paris 2026 — données notariales réelles,casenegocie.fr
99,11,Notaires du Grand Paris T2 2026 prix appartements Paris 9 560 € départements,8,"Prix immobilier Île-de-France : ventes +10 %, prix figés",europe-business-news.com
100,11,Notaires du Grand Paris T2 2026 prix appartements Paris 9 560 € départements,9,"Prix m² immobilier Paris : 9 803 €/m² (-4,2 % sur 2 ans) — Septembre 2026",qoridor.fr
101,12,HCSF décision maintien taux d'effort 35 % 25 ans 2026,1,Blog : le HCSF maintient la règle des 35% d'endettement by CP-SOLUTIONS77 · Pull Request #5 · CP-SOLUTIONS77/monpretassure,github.com
102,12,HCSF décision maintien taux d'effort 35 % 25 ans 2026,2,"Crédit immobilier : 35 % d’endettement, 25 ans maximum… les règles du HCSF ne bougent pas - Journal de l'Agence",journaldelagence.com
103,12,HCSF décision maintien taux d'effort 35 % 25 ans 2026,3,"HCSF 2026 : 35 % d'endettement, 25 ans — et les exceptions",cpim.fr
104,12,HCSF décision maintien taux d'effort 35 % 25 ans 2026,4,HCSF 2026 : la règle des 35 % d'endettement maintenue,lybox.fr
105,12,HCSF décision maintien taux d'effort 35 % 25 ans 2026,5,Crédit immobilier : le HCSF maintient le marché sous contrainte en 2026 - creditnews,creditnews.fr
106,12,HCSF décision maintien taux d'effort 35 % 25 ans 2026,6,Règles HCSF 2026 : pourquoi votre crédit immo passe ou non ?,rennesimmo9.com
107,12,HCSF décision maintien taux d'effort 35 % 25 ans 2026,7,HCSF 2026 : la règle des 35% et 5 leviers pour la contourner,ateispatrimoine.com
108,12,HCSF décision maintien taux d'effort 35 % 25 ans 2026,8,HCSF 2026 : pourquoi votre crédit immobilier bloque,dbfranceinvest.com
109,12,HCSF décision maintien taux d'effort 35 % 25 ans 2026,9,"Crédit immobilier : le HCSF maintient 35 % et 25 ans, qui peut y déroger",stephanelarue.com
110,13,droits de mutation 5 % Yvelines Val-de-Marne 1er mai 2025 délibération,1,"Droits de mutation (DMTO) : une augmentation imminente en 2025 - Maformationimmo.fr - Formation loi ALUR 2h, 14h et 42h",maformationimmo.fr
111,13,droits de mutation 5 % Yvelines Val-de-Marne 1er mai 2025 délibération,2,Frais de notaire : 46 départements passent les DMTO à 5 % au 1er mai 2025 - Selexium,selexium.com
112,13,droits de mutation 5 % Yvelines Val-de-Marne 1er mai 2025 délibération,3,Hausse des droits de mutation dans les Yvelines: Ce qui change pour l’immobilier en 2025,infosyvelines.fr
113,13,droits de mutation 5 % Yvelines Val-de-Marne 1er mai 2025 délibération,4,Hausse des droits de mutation à titre onéreux : quels sont les départements concernés ? - Journal de l'Agence,journaldelagence.com
114,13,droits de mutation 5 % Yvelines Val-de-Marne 1er mai 2025 délibération,5,Hausse des droits de mutation : dans quels départements ? - MyNotary,mynotary.fr
115,13,droits de mutation 5 % Yvelines Val-de-Marne 1er mai 2025 délibération,6,Grand Paris : les droits de mutation en 2025 - Groupe CENTURY 21 Immoside,immoside.fr
116,13,droits de mutation 5 % Yvelines Val-de-Marne 1er mai 2025 délibération,7,Hausse droits de mutation à titre onéreux (DMTO) en 2025 : ce qu’il faut savoir - Village des Notaires et du Patrimoine,village-notaires-patrimoine.com
117,13,droits de mutation 5 % Yvelines Val-de-Marne 1er mai 2025 délibération,8,Droits de Mutations à Titre Onéreux​ 2025 - Proprio.immo,proprio.immo
118,13,droits de mutation 5 % Yvelines Val-de-Marne 1er mai 2025 délibération,9,www.assemblee-nationale.fr,assemblee-nationale.fr
119,14,site:paris.notaires.fr Dossier de presse T2 2026 prix appartements départements,1,Communiqué de presse Les chiffres en Ile-de-France Paris Petite Couronne,notaires.fr
120,14,site:paris.notaires.fr Dossier de presse T2 2026 prix appartements départements,2,Conjoncture immobilière en Ile-de-France au 2e trimestre 2026,notaires.fr
121,14,site:paris.notaires.fr Dossier de presse T2 2026 prix appartements départements,3,Conjoncture immobilière en Ile-de-France de mars à mai 2026,notaires.fr
122,14,site:paris.notaires.fr Dossier de presse T2 2026 prix appartements départements,4,Le marché immobilier résidentiel ancien dans Ie Grand Paris 26 mars 2026,notaires.fr
123,14,site:paris.notaires.fr Dossier de presse T2 2026 prix appartements départements,5,Conjoncture immobilière francilienne en janvier 2026,notaires.fr
124,14,site:paris.notaires.fr Dossier de presse T2 2026 prix appartements départements,6,Le marché immobilier résidentiel ancien dans Ie Grand Paris 30 avril 2026,notaires.fr
125,14,site:paris.notaires.fr Dossier de presse T2 2026 prix appartements départements,7,Prix au m² standardisés des appartements anciens par ...,notaires.fr
126,14,site:paris.notaires.fr Dossier de presse T2 2026 prix appartements départements,8,Prix au m² des appartements anciens sous-jacents aux indices Notaires-INSEE,notaires.fr
127,14,site:paris.notaires.fr Dossier de presse T2 2026 prix appartements départements,9,Historique des prix au m² standardisés des appartements ...,notaires.fr
128,15,HCSF communiqué 15 septembre 2026 site:economie.gouv.fr,1,HCSF - Communiqué de presse du mardi 15 septembre 2026,economie.gouv.fr
129,15,HCSF communiqué 15 septembre 2026 site:economie.gouv.fr,2,HCSF,economie.gouv.fr
130,15,HCSF communiqué 15 septembre 2026 site:economie.gouv.fr,3,Communiqués de presse,economie.gouv.fr
131,15,HCSF communiqué 15 septembre 2026 site:economie.gouv.fr,4,"IP - Haut comité pour le numérique écoresponsable, mardi 15 septembre 2026",economie.gouv.fr
132,15,HCSF communiqué 15 septembre 2026 site:economie.gouv.fr,5,Rapport annuel Mars 2026,economie.gouv.fr
133,15,HCSF communiqué 15 septembre 2026 site:economie.gouv.fr,6,Communication annuelle 2025 Haut Conseil de stabilité financière 1,economie.gouv.fr
134,15,HCSF communiqué 15 septembre 2026 site:economie.gouv.fr,7,Rapports annuels,economie.gouv.fr
135,15,HCSF communiqué 15 septembre 2026 site:economie.gouv.fr,8,The HCSF - High Council for Financial Stability,economie.gouv.fr
136,15,HCSF communiqué 15 septembre 2026 site:economie.gouv.fr,9,Le Haut Conseil de stabilité financière (HCSF) - Articles,economie.gouv.fr
137,16,forfait Navigo Mois tarif 2026 iledefrance-mobilites.fr,1,Tarifs applicables au 1er janvier 2026 Forfaits Navigo et tickets,iledefrance-mobilites.fr
138,16,forfait Navigo Mois tarif 2026 iledefrance-mobilites.fr,2,TARIFS NAVIGO 2026 : UNE ÉVOLUTION TARIFAIRE LIMITÉE POUR ACCOMPAGNER L'OFFRE SUPPLÉMENTAIRE - Île-de-France Mobilités,iledefrance-mobilites.fr
139,16,forfait Navigo Mois tarif 2026 iledefrance-mobilites.fr,3,Forfaits Navigo et tickets : les nouveaux tarifs à compter du 1er janvier 2026,bonjour-ratp.fr
140,16,forfait Navigo Mois tarif 2026 iledefrance-mobilites.fr,4,Pass Navigo 2026 : Guide Complet des Tarifs et Formules,l-itineraire.com
141,16,forfait Navigo Mois tarif 2026 iledefrance-mobilites.fr,5,Ticket t%2B,wikipedia.org
142,16,forfait Navigo Mois tarif 2026 iledefrance-mobilites.fr,6,"Pass Navigo 2026 : tout savoir sur l’abonnement mensuel, annuel et Navigo Liberté+",retardstrains.fr
143,16,forfait Navigo Mois tarif 2026 iledefrance-mobilites.fr,7,Navigo card,wikipedia.org
144,16,forfait Navigo Mois tarif 2026 iledefrance-mobilites.fr,8,"Navigo : tarifs 2026, Liberté + et réseau francilien",mobilityinthecity.com
145,16,forfait Navigo Mois tarif 2026 iledefrance-mobilites.fr,9,Paris visite,wikipedia.org
146,17,OLAP rapport loyers agglomération parisienne 2025 évolution,1,Observatoire des Loyers de l’Agglomération Parisienne,observatoire-des-loyers.fr
147,17,OLAP rapport loyers agglomération parisienne 2025 évolution,2,juin 2025 Pour la pérennisation de l’encadrement des loyers,paris.fr
148,17,OLAP rapport loyers agglomération parisienne 2025 évolution,3,| Observatoire des Loyers de l'Agglomération Parisienne (OLAP),observatoire-des-loyers.fr
149,17,OLAP rapport loyers agglomération parisienne 2025 évolution,4,ATELIER PARISIEN D’URBANISME NOTE n° 288,apur.org
150,17,OLAP rapport loyers agglomération parisienne 2025 évolution,5,Rapport agglomération parisienne 2025,observatoire-des-loyers.fr
151,17,OLAP rapport loyers agglomération parisienne 2025 évolution,6,Évolution,observatoire-des-loyers.fr
152,17,OLAP rapport loyers agglomération parisienne 2025 évolution,7,Observatoire des loyers de l'agglomération Parisienne - Observatoires des loyers,observatoires-des-loyers.org
153,17,OLAP rapport loyers agglomération parisienne 2025 évolution,8,Les loyers du parc privé en France édition 2025 - ANIL,anil.org
154,17,OLAP rapport loyers agglomération parisienne 2025 évolution,9,Estimation loyers Paris 2025 : Prix par arrondissement,plusse.co
155,18,arrêté préfectoral loyers de référence Paris 1er juillet 2026,1,"Encadrement des loyers à Paris au 1er juillet 2026 : vérifier le nouveau plafond avant de signer - Maître Reda Kohen, avocat en droit immobilier et droit des affaires à Paris",kohenavocats.fr
156,18,arrêté préfectoral loyers de référence Paris 1er juillet 2026,2,Renouvellement 2026 de l’arrêté annuel d’encadrement des loyers pour la ville de Paris,developpement-durable.gouv.fr
157,18,arrêté préfectoral loyers de référence Paris 1er juillet 2026,3,Encadrement des loyers à Paris - ADIL de Paris,adil75.org
158,18,arrêté préfectoral loyers de référence Paris 1er juillet 2026,4,"Arrêtés fixant les loyers de référence, les loyers de référence majorés et les loyers de référence minorés pour la Ville de Paris",developpement-durable.gouv.fr
159,18,arrêté préfectoral loyers de référence Paris 1er juillet 2026,5,Encadrement des loyers : tout comprendre sur le - Ville de Paris,paris.fr
160,18,arrêté préfectoral loyers de référence Paris 1er juillet 2026,6,PREFECTURE REGION ILE DE FRANCE RECUEIL DES ACTES ADMINISTRATIFS SPÉCIAL,developpement-durable.gouv.fr
161,18,arrêté préfectoral loyers de référence Paris 1er juillet 2026,7,"Encadrement des loyers à Paris : nouvel arrêté 2026-2027 attendu, plafonds et calendrier",zimo.fr
162,18,arrêté préfectoral loyers de référence Paris 1er juillet 2026,8,Encadrement des loyers Paris : plafonds au 1er juillet 2026,quelbail.fr
163,18,arrêté préfectoral loyers de référence Paris 1er juillet 2026,9,www.assemblee-nationale.fr,assemblee-nationale.fr
164,19,site:iledefrance-mobilites.fr forfait Navigo Mois titres et tarifs,1,Tarifs applicables au 1er janvier 2026 Forfaits Navigo et tickets,iledefrance-mobilites.fr
165,19,site:iledefrance-mobilites.fr forfait Navigo Mois titres et tarifs,2,CGVU Navigo Mois et Semaine,iledefrance-mobilites.fr
166,19,site:iledefrance-mobilites.fr forfait Navigo Mois titres et tarifs,3,Forfaits Navigo et tickets Tarifs applicables au 1er mars 2022,iledefrance-mobilites.fr
167,19,site:iledefrance-mobilites.fr forfait Navigo Mois titres et tarifs,4,Forfaits Navigo et tickets Tarifs applicables au 1er juin 2024,iledefrance-mobilites.fr
168,19,site:iledefrance-mobilites.fr forfait Navigo Mois titres et tarifs,5,Passe Navigo Annuel,iledefrance-mobilites.fr
169,19,site:iledefrance-mobilites.fr forfait Navigo Mois titres et tarifs,6,Comment acheter des titres ou forfait à tarif réduit ?,iledefrance-mobilites.fr
170,19,site:iledefrance-mobilites.fr forfait Navigo Mois titres et tarifs,7,Forfaits Navigo et tickets Tarifs applicables au 1er juin 2023,iledefrance-mobilites.fr
171,19,site:iledefrance-mobilites.fr forfait Navigo Mois titres et tarifs,8,Forfaits Navigo et tickets Tarifs applicables au 1er janvier 2023,iledefrance-mobilites.fr
172,19,site:iledefrance-mobilites.fr forfait Navigo Mois titres et tarifs,9,Les tarifs Île-de-France Mobilités 2025,iledefrance-mobilites.fr
173,20,Notaires du Grand Paris prix appartements anciens départements 2e trimestre 2026,1,Conjoncture immobilière en Ile-de-France au 2e trimestre 2026,notaires.fr
174,20,Notaires du Grand Paris prix appartements anciens départements 2e trimestre 2026,2,Le marché immobilier résidentiel ancien dans Ie Grand Paris 29 janvier 2026,notairesdugrandparis.fr
175,20,Notaires du Grand Paris prix appartements anciens départements 2e trimestre 2026,3,Le marché immobilier résidentiel ancien dans Ie Grand Paris 30 avril 2026,notaires.fr
176,20,Notaires du Grand Paris prix appartements anciens départements 2e trimestre 2026,4,Le marché immobilier résidentiel ancien dans Ie Grand Paris 26 mars 2026,notairesdugrandparis.fr
177,20,Notaires du Grand Paris prix appartements anciens départements 2e trimestre 2026,5,Marché immobilier du Grand Paris : reprise fragile au T1 2026,monimmeuble.com
178,20,Notaires du Grand Paris prix appartements anciens départements 2e trimestre 2026,6,Communiqué de presse Les chiffres en Ile-de-France Paris Petite Couronne,notairesdugrandparis.fr
179,20,Notaires du Grand Paris prix appartements anciens départements 2e trimestre 2026,7,Prix au m² standardisés des appartements anciens par ...,notairesdugrandparis.fr
180,20,Notaires du Grand Paris prix appartements anciens départements 2e trimestre 2026,8,Prix au m² des appartements anciens sous-jacents aux indices Notaires-INSEE,notaires.fr
181,20,Notaires du Grand Paris prix appartements anciens départements 2e trimestre 2026,9,Historique des prix au m² standardisés des appartements ...,basebien.com
182,20,Notaires du Grand Paris prix appartements anciens départements 2e trimestre 2026,10,"Prix immobilier : l'ancien recule de 0,8 % en un an, Paris tient autour de 9 520 € le m²",actual-immo.fr
183,21,iledefrance-mobilites.fr tarifs titre de transport en commun 2026 Navigo Mois zones 2-3,1,Tarifs applicables au 1er janvier 2026 Forfaits Navigo et tickets,iledefrance-mobilites.fr
184,21,iledefrance-mobilites.fr tarifs titre de transport en commun 2026 Navigo Mois zones 2-3,2,Tarif prix carte Navigo 2026,legisocial.fr
185,21,iledefrance-mobilites.fr tarifs titre de transport en commun 2026 Navigo Mois zones 2-3,3,Forfaits Navigo et tickets : les nouveaux tarifs à compter du 1er janvier 2026,bonjour-ratp.fr
186,21,iledefrance-mobilites.fr tarifs titre de transport en commun 2026 Navigo Mois zones 2-3,4,Pass Navigo 2026 : Guide Complet des Tarifs et Formules,l-itineraire.com
187,21,iledefrance-mobilites.fr tarifs titre de transport en commun 2026 Navigo Mois zones 2-3,5,"Pass Navigo 2026 : tout savoir sur l’abonnement mensuel, annuel et Navigo Liberté+",retardstrains.fr
188,21,iledefrance-mobilites.fr tarifs titre de transport en commun 2026 Navigo Mois zones 2-3,6,Tarifs des transports en Île-de-France : ce qui change en 2026,mes-allocs.fr
189,21,iledefrance-mobilites.fr tarifs titre de transport en commun 2026 Navigo Mois zones 2-3,7,"Pass Navigo 2026 : prix, forfaits, recharge et tarifs",plan-metro-paris.com
190,21,iledefrance-mobilites.fr tarifs titre de transport en commun 2026 Navigo Mois zones 2-3,8,"Pass Navigo tarif 2026 : prix, zones et economies",iambeezy.app
191,21,iledefrance-mobilites.fr tarifs titre de transport en commun 2026 Navigo Mois zones 2-3,9,www.assemblee-nationale.fr,assemblee-nationale.fr
192,22,Dossier de presse T2 2026 notaires Grand Paris appartements anciens prix m² Hauts-de-Seine Seine-Saint-Denis,1,Le marché immobilier résidentiel ancien dans Ie Grand Paris 30 avril 2026,notaires.fr
193,22,Dossier de presse T2 2026 notaires Grand Paris appartements anciens prix m² Hauts-de-Seine Seine-Saint-Denis,2,Communiqué de presse Les chiffres en Ile-de-France Paris Petite Couronne,notairesdugrandparis.fr
194,22,Dossier de presse T2 2026 notaires Grand Paris appartements anciens prix m² Hauts-de-Seine Seine-Saint-Denis,3,Prix au m² des appartements anciens sous-jacents aux indices Notaires-INSEE,notaires.fr
195,22,Dossier de presse T2 2026 notaires Grand Paris appartements anciens prix m² Hauts-de-Seine Seine-Saint-Denis,4,Le marché immobilier résidentiel ancien dans Ie Grand Paris 29 janvier 2026,notairesdugrandparis.fr
196,22,Dossier de presse T2 2026 notaires Grand Paris appartements anciens prix m² Hauts-de-Seine Seine-Saint-Denis,5,Les prix au m² des appartements anciens dans la Métropole du Grand Paris et autour des gares du Grand Paris Express,notaires.fr
197,22,Dossier de presse T2 2026 notaires Grand Paris appartements anciens prix m² Hauts-de-Seine Seine-Saint-Denis,6,Le marché immobilier résidentiel ancien dans Ie Grand Paris 26 mars 2026,notairesdugrandparis.fr
198,22,Dossier de presse T2 2026 notaires Grand Paris appartements anciens prix m² Hauts-de-Seine Seine-Saint-Denis,7,Marché immobilier du Grand Paris : reprise fragile au T1 2026,monimmeuble.com
199,22,Dossier de presse T2 2026 notaires Grand Paris appartements anciens prix m² Hauts-de-Seine Seine-Saint-Denis,8,Indices Notaires-INSEE des appartements anciens Trimestre,basebien.com
200,22,Dossier de presse T2 2026 notaires Grand Paris appartements anciens prix m² Hauts-de-Seine Seine-Saint-Denis,9,Grand Paris,wikipedia.org
201,22,Dossier de presse T2 2026 notaires Grand Paris appartements anciens prix m² Hauts-de-Seine Seine-Saint-Denis,10,Historique des prix au m² standardisés des appartements ...,basebien.com
202,23,Banque de France taux crédits nouveaux habitat juillet 2026,1,Panorama des prêts à l’habitat des ménages,banque-france.fr
203,23,Banque de France taux crédits nouveaux habitat juillet 2026,2,Banque-france,banque-france.fr
204,23,Banque de France taux crédits nouveaux habitat juillet 2026,3,"Immobilier : les prix reculent, les taux repartent en 2026 - Meilleurtaux",meilleurtaux.com
205,23,Banque de France taux crédits nouveaux habitat juillet 2026,4,Taux de prêt immobilier : les tendances 2026,credit-agricole.fr
206,23,Banque de France taux crédits nouveaux habitat juillet 2026,5,Derniers chiffres sur les crédits aux particuliers - Chiffres clés - Fédération bancaire française (FBF),fbf.fr
207,23,Banque de France taux crédits nouveaux habitat juillet 2026,6,"Crédit immobilier : la Banque de France chiffre la production à 11 milliards d'euros en juillet, le taux moyen grimpe à 3,30 %",zimo.fr
208,23,Banque de France taux crédits nouveaux habitat juillet 2026,7,"Crédit immobilier : taux moyen à 3,30 % en juillet",1001web.fr
209,23,Banque de France taux crédits nouveaux habitat juillet 2026,8,"Loans to individuals, France - 2026-01",banque-france.fr
210,23,Banque de France taux crédits nouveaux habitat juillet 2026,9,"Loans to individuals, France - 2026-07",banque-france.fr
211,24,site:banque-france.fr crédits aux particuliers France 2026-07,1,Crédits aux particuliers - 2025-10,banque-france.fr
212,24,site:banque-france.fr crédits aux particuliers France 2026-07,2,Crédits aux particuliers Aoû 2021,banque-france.fr
213,24,site:banque-france.fr crédits aux particuliers France 2026-07,3,Crédits aux particuliers - 2025-06,banque-france.fr
214,24,site:banque-france.fr crédits aux particuliers France 2026-07,4,Crédits aux particuliers - 2026-06,banque-france.fr
215,24,site:banque-france.fr crédits aux particuliers France 2026-07,5,Crédits aux particuliers - 2025-12,banque-france.fr
216,24,site:banque-france.fr crédits aux particuliers France 2026-07,6,"Loans to individuals, France - 2026-07",banque-france.fr
217,24,site:banque-france.fr crédits aux particuliers France 2026-07,7,Crédits aux particuliers,banque-france.fr
218,24,site:banque-france.fr crédits aux particuliers France 2026-07,8,Stat Info - Crédits aux particuliers,banque-france.fr
219,24,site:banque-france.fr crédits aux particuliers France 2026-07,9,Panorama des prêts à l’habitat des ménages,banque-france.fr
220,25,notaires Grand Paris 2e trimestre 2026 appartements anciens Paris €/m² Seine-et-Marne Yvelines Essonne Val-d'Oise prix,1,Le marché immobilier résidentiel ancien dans Ie Grand Paris 29 janvier 2026,notairesdugrandparis.fr
221,25,notaires Grand Paris 2e trimestre 2026 appartements anciens Paris €/m² Seine-et-Marne Yvelines Essonne Val-d'Oise prix,2,Le marché immobilier résidentiel ancien dans Ie Grand Paris 30 avril 2026,notaires.fr
222,25,notaires Grand Paris 2e trimestre 2026 appartements anciens Paris €/m² Seine-et-Marne Yvelines Essonne Val-d'Oise prix,3,Le marché immobilier résidentiel ancien dans Ie Grand Paris 26 mars 2026,notairesdugrandparis.fr
223,25,notaires Grand Paris 2e trimestre 2026 appartements anciens Paris €/m² Seine-et-Marne Yvelines Essonne Val-d'Oise prix,4,Prix au m² des appartements anciens sous-jacents aux indices Notaires-INSEE,notaires.fr
224,25,notaires Grand Paris 2e trimestre 2026 appartements anciens Paris €/m² Seine-et-Marne Yvelines Essonne Val-d'Oise prix,5,Marché immobilier du Grand Paris : reprise fragile au T1 2026,monimmeuble.com
225,25,notaires Grand Paris 2e trimestre 2026 appartements anciens Paris €/m² Seine-et-Marne Yvelines Essonne Val-d'Oise prix,6,Carte des prix de l’immobilier du Grand Paris,notaires.fr
226,25,notaires Grand Paris 2e trimestre 2026 appartements anciens Paris €/m² Seine-et-Marne Yvelines Essonne Val-d'Oise prix,7,Prix au m² standardisés des appartements anciens par ...,notairesdugrandparis.fr
227,25,notaires Grand Paris 2e trimestre 2026 appartements anciens Paris €/m² Seine-et-Marne Yvelines Essonne Val-d'Oise prix,8,Grand Paris,wikipedia.org
228,25,notaires Grand Paris 2e trimestre 2026 appartements anciens Paris €/m² Seine-et-Marne Yvelines Essonne Val-d'Oise prix,9,Les Mureaux,wikipedia.org
229,26,"""Dossier de presse"" T2 2026 notaires Grand Paris appartements anciens prix au m² juin 2026",1,Conjoncture immobilière en Ile de France au 2ème trimestre 2026 : une reprise de l'activité progressive mais un marché toujours fragile. - Chambre des Notaires de l’Ouest Parisien,notaires.fr
230,26,"""Dossier de presse"" T2 2026 notaires Grand Paris appartements anciens prix au m² juin 2026",2,DOSSIER DE PRESSE • 28 MAI 2026 1 LE MARCHÉ IMMOBILIER FRANCILIEN,notaires.fr
231,26,"""Dossier de presse"" T2 2026 notaires Grand Paris appartements anciens prix au m² juin 2026",3,Immobilier francilien : une reprise fragile dans un marché sous tension selon les notaires du Grand Paris,ondesdelimmo.com
232,26,"""Dossier de presse"" T2 2026 notaires Grand Paris appartements anciens prix au m² juin 2026",4,Marché de l'ancien : variation de l'indice des prix des appartements France 2006-2022,statista.com
233,26,"""Dossier de presse"" T2 2026 notaires Grand Paris appartements anciens prix au m² juin 2026",5,"Prix immobilier à 26 GRAND RUE, 91260 JUVISY-SUR-ORGE",pappers.fr
234,26,"""Dossier de presse"" T2 2026 notaires Grand Paris appartements anciens prix au m² juin 2026",6,"Prix immobilier à 25 RUE BONAPARTE, 75006 PARIS 06",pappers.fr
235,26,"""Dossier de presse"" T2 2026 notaires Grand Paris appartements anciens prix au m² juin 2026",7,"Prix immobilier à 13 GRAND RUE, 91260 JUVISY-SUR-ORGE",pappers.fr
236,26,"""Dossier de presse"" T2 2026 notaires Grand Paris appartements anciens prix au m² juin 2026",8,"Prix immobilier à 34 RUE BONAPARTE, 75006 PARIS 06",pappers.fr
237,26,"""Dossier de presse"" T2 2026 notaires Grand Paris appartements anciens prix au m² juin 2026",9,"Prix immobilier à 254 RUE DE L'EGLISE, 60680 GRANDFRESNOY",pappers.fr
238,26,"""Dossier de presse"" T2 2026 notaires Grand Paris appartements anciens prix au m² juin 2026",10,"Prix immobilier à 5 RUE DU PALAIS, 60680 GRANDFRESNOY",pappers.fr
239,27,service-public.fr frais de notaire achat logement ancien droits de mutation 5 % départements 2026,1,Frais de notaire (2026) : Calcul de vos frais de notaire,pap.fr
240,27,service-public.fr frais de notaire achat logement ancien droits de mutation 5 % départements 2026,2,Frais de notaire en 2026 : quels taux et barèmes appliquer ?,meilleurescpi.com
241,27,service-public.fr frais de notaire achat logement ancien droits de mutation 5 % départements 2026,3,"Frais de notaire 2026 : calcul, barème et simulateur",orpi.com
242,27,service-public.fr frais de notaire achat logement ancien droits de mutation 5 % départements 2026,4,"Frais de notaire maison ancienne : montant, calcul",foncia.com
243,27,service-public.fr frais de notaire achat logement ancien droits de mutation 5 % départements 2026,5,DMTO 2026 : taux des droits de mutation par département,cpim.fr
244,27,service-public.fr frais de notaire achat logement ancien droits de mutation 5 % départements 2026,6,"Frais de notaire 2026 : calcul, barème et comment les réduire",tantiem.com
245,27,service-public.fr frais de notaire achat logement ancien droits de mutation 5 % départements 2026,7,Droits de mutation à titre onéreux (DMTO) : calcul et taux 2026,etreproprietaire.fr
246,27,service-public.fr frais de notaire achat logement ancien droits de mutation 5 % départements 2026,8,"Frais de notaire achat ancien 2026 : calcul, barème et exemples",frais-de-notaire.fr
247,27,service-public.fr frais de notaire achat logement ancien droits de mutation 5 % départements 2026,9,Frais de notaire pour l'achat d'un appartement à Paris,comete.immo
248,27,service-public.fr frais de notaire achat logement ancien droits de mutation 5 % départements 2026,10,"Frais de notaire à 5 % : le vrai surcoût, et qui y échappe",koliving.fr
249,28,INSEE budget de famille 2017 dépenses alimentation ménages Île-de-France agglomération parisienne,1,Les comportements de consommation en 2017 - Insee Première - 1749,insee.fr
250,28,INSEE budget de famille 2017 dépenses alimentation ménages Île-de-France agglomération parisienne,2,Restes à dépenser et territoires,strategie-plan.gouv.fr
251,28,INSEE budget de famille 2017 dépenses alimentation ménages Île-de-France agglomération parisienne,3,"Les ménages consacrent en moyenne 4 % de leur budget annuel à l’achat de biens et services culturels − France, portrait social",insee.fr
252,28,INSEE budget de famille 2017 dépenses alimentation ménages Île-de-France agglomération parisienne,4,"En 2017, 20 % des ménages ont consommé des produits alimentaires de leur propre production ou de celle d’un autre ménage - Insee Focus - 236",insee.fr
253,28,INSEE budget de famille 2017 dépenses alimentation ménages Île-de-France agglomération parisienne,5,Les ménages les plus modestes dépensent davantage pour leur logement et les plus aisés pour les transports − Les dépenses des ménages en 2017,insee.fr
254,28,INSEE budget de famille 2017 dépenses alimentation ménages Île-de-France agglomération parisienne,6,Structure des dépenses des ménages selon la catégorie socioprofessionnelle de la personne de référence,insee.fr
255,28,INSEE budget de famille 2017 dépenses alimentation ménages Île-de-France agglomération parisienne,7,E,insee.fr
256,28,INSEE budget de famille 2017 dépenses alimentation ménages Île-de-France agglomération parisienne,8,"Début 2023, les écarts d'inflation entre les ménages sont ...",insee.fr
257,28,INSEE budget de famille 2017 dépenses alimentation ménages Île-de-France agglomération parisienne,9,L’alimentation reste un poste de dépenses majeur dans le budget des ménages - Interbev,interbev.fr
258,29,"service-public.fr ""frais de notaire"" achat immobilier ancien 7 % 8 %",1,Frais de notaire achat immobilier : calcul et barème,homeselect.paris
259,29,"service-public.fr ""frais de notaire"" achat immobilier ancien 7 % 8 %",2,Frais de notaire ancien,bouygues-immobilier.com
260,29,"service-public.fr ""frais de notaire"" achat immobilier ancien 7 % 8 %",3,"Frais de notaire dans l’ancien : calcul, taux 2026 et exemples|Crédit Agricole e-immobilier",credit-agricole.fr
261,29,"service-public.fr ""frais de notaire"" achat immobilier ancien 7 % 8 %",4,"Frais de notaire maison ancienne : montant, calcul",foncia.com
262,29,"service-public.fr ""frais de notaire"" achat immobilier ancien 7 % 8 %",5,Frais de notaire (2026) : Calcul de vos frais de notaire,pap.fr
263,29,"service-public.fr ""frais de notaire"" achat immobilier ancien 7 % 8 %",6,Quel est le barème des frais de notaire en 2026 ?,pretto.fr
264,29,"service-public.fr ""frais de notaire"" achat immobilier ancien 7 % 8 %",7,"Simulateur frais de notaire 2026 — Estimation instantanée (ancien & neuf, par département)",lescalculateurs.fr
265,29,"service-public.fr ""frais de notaire"" achat immobilier ancien 7 % 8 %",8,Quels sont les frais de notaire dans l’ancien ?- Masteos,masteos.com
266,29,"service-public.fr ""frais de notaire"" achat immobilier ancien 7 % 8 %",9,"Frais de notaire 2026 : calcul, barème et comment les réduire",tantiem.com
267,30,notaires.fr droits de mutation taux départements 1er avril 2025 liste Paris Hauts-de-Seine Yvelines Val-de-Marne,1,Frais de notaire : Ces départements qui augmentent leurs droits de mutation au 1er avril 2025 - MySweetimmo,mysweetimmo.com
268,30,notaires.fr droits de mutation taux départements 1er avril 2025 liste Paris Hauts-de-Seine Yvelines Val-de-Marne,2,"Frais de notaire 2025, la liste complète des départements qui augmentent leurs taxes",abcbourse.com
269,30,notaires.fr droits de mutation taux départements 1er avril 2025 liste Paris Hauts-de-Seine Yvelines Val-de-Marne,3,Communiqué de presse Les chiffres en Ile-de-France Paris Petite Couronne,notaires.fr
270,30,notaires.fr droits de mutation taux départements 1er avril 2025 liste Paris Hauts-de-Seine Yvelines Val-de-Marne,4,Ventes immobilières : augmentation des droits d’enregistrement dans le Grand Paris,notaires.fr
271,30,notaires.fr droits de mutation taux départements 1er avril 2025 liste Paris Hauts-de-Seine Yvelines Val-de-Marne,5,"Achat immobilier dans l'ancien, frais de notaire : liste des départements appliquant la hausse maximale à compter du 1er avril 2025",francetransactions.com
272,30,notaires.fr droits de mutation taux départements 1er avril 2025 liste Paris Hauts-de-Seine Yvelines Val-de-Marne,6,"Frais de notaire par département : combien payer vraiment en 2026 ? - Nicolas Immobilier Agence Immobilière à Massy, Palaiseau, Antony, Chilly-Mazarin, Châtenay-Malabry, Morangis et le Grand Paris",nicolas-benoit-immobilier.fr
273,30,notaires.fr droits de mutation taux départements 1er avril 2025 liste Paris Hauts-de-Seine Yvelines Val-de-Marne,7,Grand Paris : les droits de mutation en 2025 - Groupe CENTURY 21 Immoside,immoside.fr
274,30,notaires.fr droits de mutation taux départements 1er avril 2025 liste Paris Hauts-de-Seine Yvelines Val-de-Marne,8,Hausse des droits de mutation : dans quels départements ? - MyNotary,mynotary.fr
275,30,notaires.fr droits de mutation taux départements 1er avril 2025 liste Paris Hauts-de-Seine Yvelines Val-de-Marne,9,ETES VOUS CONCERNES PAR L' AUGMENTATION DES FRAIS DE NOTAIRE ? - Notaires d'OC,notairesdoc.fr
276,31,OLAP rapport 2025 loyer moyen Paris petite couronne grande couronne €/m² surface moyenne par nombre de pièces,1,Rapport Paris 2024,observatoire-des-loyers.fr
277,31,OLAP rapport 2025 loyer moyen Paris petite couronne grande couronne €/m² surface moyenne par nombre de pièces,2,Observatoire des Loyers de l’Agglomération Parisienne,observatoire-des-loyers.fr
278,31,OLAP rapport 2025 loyer moyen Paris petite couronne grande couronne €/m² surface moyenne par nombre de pièces,3,Rapport Paris 2023,observatoire-des-loyers.fr
279,31,OLAP rapport 2025 loyer moyen Paris petite couronne grande couronne €/m² surface moyenne par nombre de pièces,4,Le Logement Parisien en Chiffres n°24,adil75.org
280,31,OLAP rapport 2025 loyer moyen Paris petite couronne grande couronne €/m² surface moyenne par nombre de pièces,5,Marché locatif à Paris : pourquoi la tension explose-t-elle en 2025 ?,monimmeuble.com
281,31,OLAP rapport 2025 loyer moyen Paris petite couronne grande couronne €/m² surface moyenne par nombre de pièces,6,Chiffres-clés de la région Île-de-France 2025-2026 I 34 I LOGEMENT,cci-paris-idf.fr
282,31,OLAP rapport 2025 loyer moyen Paris petite couronne grande couronne €/m² surface moyenne par nombre de pièces,7,"Immobilier, prix du mètre carré : quel loyer moyen à Paris et en Île-de-France? - Boursorama",boursorama.com
283,31,OLAP rapport 2025 loyer moyen Paris petite couronne grande couronne €/m² surface moyenne par nombre de pièces,8,Encadrement des loyers à Paris : des effets positifs mesurés - Actu-Juridique,actu-juridique.fr
284,31,OLAP rapport 2025 loyer moyen Paris petite couronne grande couronne €/m² surface moyenne par nombre de pièces,9,Calcul Loyer au m² Paris 2026 — Encadrement et Prix Reference,macalculatriceenligne.com
285,31,OLAP rapport 2025 loyer moyen Paris petite couronne grande couronne €/m² surface moyenne par nombre de pièces,10,Estimation loyers Paris 2025 : Prix par arrondissement,plusse.co
286,32,site:service-public.fr frais de notaire achat immobilier,1,Besoin d’aide ? Une remarque ? - Calculer les frais de notaire pour un achat immobilier,service-public.fr
287,32,site:service-public.fr frais de notaire achat immobilier,2,Calculer le montant des frais d'acquisition d'un bien immobilier,service-public.fr
288,32,site:service-public.fr frais de notaire achat immobilier,3,Prêts bancaires -Baisse du plafond mensuel du taux d'usure en juillet 2025,service-public.fr
289,32,site:service-public.fr frais de notaire achat immobilier,4,Signaler un problème sur Acheter un bien immobilier vendu par le Domaine (Service en ligne),service-public.fr
290,32,site:service-public.fr frais de notaire achat immobilier,5,Faire une donation-partage,service-public.fr
291,32,site:service-public.fr frais de notaire achat immobilier,6,"Comment prouver que vous êtes héritier d'une succession (attestation, acte de notoriété) ?",service-public.fr
292,32,site:service-public.fr frais de notaire achat immobilier,7,État des lieux d'entrée dans un bail d'habitation,service-public.fr
293,32,site:service-public.fr frais de notaire achat immobilier,8,Se pacser - Ma situation personnalisée,service-public.fr
294,32,site:service-public.fr frais de notaire achat immobilier,9,www.assemblee-nationale.fr,assemblee-nationale.fr
295,33,INSEE enquête Budget de famille 2023 résultats 2026 dépenses alimentation,1,Enquête Budget de famille - Cnis.fr,cnis.fr
296,33,INSEE enquête Budget de famille 2023 résultats 2026 dépenses alimentation,2,Enquête INSEE sur le budget des familles,caen.fr
297,33,INSEE enquête Budget de famille 2023 résultats 2026 dépenses alimentation,3,Budget courses des Français : les vrais chiffres INSEE par foyer [2026],meslistesdecourses.fr
298,33,INSEE enquête Budget de famille 2023 résultats 2026 dépenses alimentation,4,Budget alimentation 1 personne 2026 : 240 €/mois,budgt.fr
299,33,INSEE enquête Budget de famille 2023 résultats 2026 dépenses alimentation,5,"Budget alimentaire 2026 : courses par personne, par mois",planandmultiply.fr
300,33,INSEE enquête Budget de famille 2023 résultats 2026 dépenses alimentation,6,Structure des dépenses des ménages selon la catégorie socioprofessionnelle de la personne de référence,insee.fr
301,33,INSEE enquête Budget de famille 2023 résultats 2026 dépenses alimentation,7,Budget mensuel moyen en France 2026 : les vrais chiffres,scorezenith.com
302,33,INSEE enquête Budget de famille 2023 résultats 2026 dépenses alimentation,8,Découvrez Tout sur l'Enquête Budget des Familles : Analyse Inédite des Dépenses des Ménages en France - Copep's,copeps.fr
303,33,INSEE enquête Budget de famille 2023 résultats 2026 dépenses alimentation,9,INSEE-Enquête budget de famille-Une étude statistique dans notre commune - Mairie de Brou-Sur-Chantereine,brousurchantereine.info
