id,categorie,dimension,libelle,valeur,unite,statut,source_organisme,url_source,date_publication,periode_donnees,notes
navigo_mois_zones_1_5,transport,zones_1_5,Forfait Navigo Mois zones 1 5,90.8,EUR/mois,officiel,IDFM,https://www.iledefrance-mobilites.fr/medias/portail-idfm/acEkM5GXnQHGY2UT_IDFM_guide_tarifaire_A5_190326-2.pdf,non indiquee (nom de fichier suggere 2026-03-19),en vigueur depuis 2026-01-01,Plein tarif. Valable du 1er au dernier jour du mois.
navigo_mois_zones_2_3,transport,zones_2_3,Forfait Navigo Mois zones 2 3,88.8,EUR/mois,officiel,IDFM,https://www.iledefrance-mobilites.fr/medias/portail-idfm/acEkM5GXnQHGY2UT_IDFM_guide_tarifaire_A5_190326-2.pdf,non indiquee (nom de fichier suggere 2026-03-19),en vigueur depuis 2026-01-01,Plein tarif. Valable du 1er au dernier jour du mois.
navigo_mois_zones_3_4,transport,zones_3_4,Forfait Navigo Mois zones 3 4,86.4,EUR/mois,officiel,IDFM,https://www.iledefrance-mobilites.fr/medias/portail-idfm/acEkM5GXnQHGY2UT_IDFM_guide_tarifaire_A5_190326-2.pdf,non indiquee (nom de fichier suggere 2026-03-19),en vigueur depuis 2026-01-01,Plein tarif. Valable du 1er au dernier jour du mois.
navigo_mois_zones_4_5,transport,zones_4_5,Forfait Navigo Mois zones 4 5,84.4,EUR/mois,officiel,IDFM,https://www.iledefrance-mobilites.fr/medias/portail-idfm/acEkM5GXnQHGY2UT_IDFM_guide_tarifaire_A5_190326-2.pdf,non indiquee (nom de fichier suggere 2026-03-19),en vigueur depuis 2026-01-01,Plein tarif. Valable du 1er au dernier jour du mois.
navigo_remb_employeur_min,transport,toutes_zones,Remboursement employeur minimum,50,%,indicatif,IDFM,https://presse.iledefrance-mobilites.fr/tarifs-navigo-2026-une-evolution-tarifaire-limitee-pour-accompagner-loffre-supplementaire/,,2026,Parametre de simulation (au moins 50 %). Cout net toutes zones = 45.40 EUR/mois.
loyer_moyen_paris,loyer,paris,Loyer mensuel moyen hors charges - paris,1307,EUR/mois,officiel,OLAP,https://www.observatoire-des-loyers.fr/sites/default/files/olap_documents/rapports_loyers/Rapport%20Paris%202025.pdf,2025-08 (mis en ligne 2025-10-29),niveaux au 2025-01-01,"Parc prive non meuble, loyers hors charges."
surface_moyenne_paris,loyer,paris,Surface moyenne - paris,50,m2,officiel,OLAP,https://www.observatoire-des-loyers.fr/sites/default/files/olap_documents/rapports_loyers/Rapport%20Paris%202025.pdf,2025-08 (mis en ligne 2025-10-29),niveaux au 2025-01-01,"Parc prive non meuble, loyers hors charges."
loyer_m2_moyen_paris,loyer,paris,Loyer moyen au m2 - paris,26.3,EUR/m2/mois,officiel,OLAP,https://www.observatoire-des-loyers.fr/sites/default/files/olap_documents/rapports_loyers/Rapport%20Paris%202025.pdf,2025-08 (mis en ligne 2025-10-29),niveaux au 2025-01-01,"Parc prive non meuble, loyers hors charges."
loyer_moyen_petite_couronne,loyer,petite_couronne,Loyer mensuel moyen hors charges - petite_couronne,996,EUR/mois,officiel,OLAP,https://www.observatoire-des-loyers.fr/sites/default/files/olap_documents/rapports_loyers/Rapport%20Paris%202025.pdf,2025-08 (mis en ligne 2025-10-29),niveaux au 2025-01-01,"Parc prive non meuble, loyers hors charges."
surface_moyenne_petite_couronne,loyer,petite_couronne,Surface moyenne - petite_couronne,52,m2,officiel,OLAP,https://www.observatoire-des-loyers.fr/sites/default/files/olap_documents/rapports_loyers/Rapport%20Paris%202025.pdf,2025-08 (mis en ligne 2025-10-29),niveaux au 2025-01-01,"Parc prive non meuble, loyers hors charges."
loyer_m2_moyen_petite_couronne,loyer,petite_couronne,Loyer moyen au m2 - petite_couronne,19.1,EUR/m2/mois,officiel,OLAP,https://www.observatoire-des-loyers.fr/sites/default/files/olap_documents/rapports_loyers/Rapport%20Paris%202025.pdf,2025-08 (mis en ligne 2025-10-29),niveaux au 2025-01-01,"Parc prive non meuble, loyers hors charges."
loyer_moyen_grande_couronne,loyer,grande_couronne,Loyer mensuel moyen hors charges - grande_couronne,897,EUR/mois,officiel,OLAP,https://www.observatoire-des-loyers.fr/sites/default/files/olap_documents/rapports_loyers/Rapport%20Paris%202025.pdf,2025-08 (mis en ligne 2025-10-29),niveaux au 2025-01-01,"Parc prive non meuble, loyers hors charges."
surface_moyenne_grande_couronne,loyer,grande_couronne,Surface moyenne - grande_couronne,58,m2,officiel,OLAP,https://www.observatoire-des-loyers.fr/sites/default/files/olap_documents/rapports_loyers/Rapport%20Paris%202025.pdf,2025-08 (mis en ligne 2025-10-29),niveaux au 2025-01-01,"Parc prive non meuble, loyers hors charges."
loyer_m2_moyen_grande_couronne,loyer,grande_couronne,Loyer moyen au m2 - grande_couronne,15.6,EUR/m2/mois,officiel,OLAP,https://www.observatoire-des-loyers.fr/sites/default/files/olap_documents/rapports_loyers/Rapport%20Paris%202025.pdf,2025-08 (mis en ligne 2025-10-29),niveaux au 2025-01-01,"Parc prive non meuble, loyers hors charges."
loyer_moyen_agglomeration,loyer,agglomeration,Loyer mensuel moyen hors charges - agglomeration,1070,EUR/mois,officiel,OLAP,https://www.observatoire-des-loyers.fr/sites/default/files/olap_documents/rapports_loyers/Rapport%20Paris%202025.pdf,2025-08 (mis en ligne 2025-10-29),niveaux au 2025-01-01,"Parc prive non meuble, loyers hors charges."
surface_moyenne_agglomeration,loyer,agglomeration,Surface moyenne - agglomeration,53,m2,officiel,OLAP,https://www.observatoire-des-loyers.fr/sites/default/files/olap_documents/rapports_loyers/Rapport%20Paris%202025.pdf,2025-08 (mis en ligne 2025-10-29),niveaux au 2025-01-01,"Parc prive non meuble, loyers hors charges."
loyer_m2_moyen_agglomeration,loyer,agglomeration,Loyer moyen au m2 - agglomeration,20.3,EUR/m2/mois,officiel,OLAP,https://www.observatoire-des-loyers.fr/sites/default/files/olap_documents/rapports_loyers/Rapport%20Paris%202025.pdf,2025-08 (mis en ligne 2025-10-29),niveaux au 2025-01-01,"Parc prive non meuble, loyers hors charges."
loyer_m2_paris_1p,loyer,paris|1p,Loyer au m2 - paris - 1 piece(s),30.4,EUR/m2/mois,officiel,OLAP,https://www.observatoire-des-loyers.fr/sites/default/files/olap_documents/rapports_loyers/Rapport%20Paris%202025.pdf,2025-08 (mis en ligne 2025-10-29),niveaux au 2025-01-01,Tous logements confondus (tableau 3 du rapport).
loyer_m2_paris_2p,loyer,paris|2p,Loyer au m2 - paris - 2 piece(s),26.7,EUR/m2/mois,officiel,OLAP,https://www.observatoire-des-loyers.fr/sites/default/files/olap_documents/rapports_loyers/Rapport%20Paris%202025.pdf,2025-08 (mis en ligne 2025-10-29),niveaux au 2025-01-01,Tous logements confondus (tableau 3 du rapport).
loyer_m2_paris_3p,loyer,paris|3p,Loyer au m2 - paris - 3 piece(s),25.1,EUR/m2/mois,officiel,OLAP,https://www.observatoire-des-loyers.fr/sites/default/files/olap_documents/rapports_loyers/Rapport%20Paris%202025.pdf,2025-08 (mis en ligne 2025-10-29),niveaux au 2025-01-01,Tous logements confondus (tableau 3 du rapport).
loyer_m2_paris_4p,loyer,paris|4p,Loyer au m2 - paris - 4 piece(s),24.3,EUR/m2/mois,officiel,OLAP,https://www.observatoire-des-loyers.fr/sites/default/files/olap_documents/rapports_loyers/Rapport%20Paris%202025.pdf,2025-08 (mis en ligne 2025-10-29),niveaux au 2025-01-01,Tous logements confondus (tableau 3 du rapport).
loyer_m2_paris_5p,loyer,paris|5p,Loyer au m2 - paris - 5 pieces et plus,25.9,EUR/m2/mois,officiel,OLAP,https://www.observatoire-des-loyers.fr/sites/default/files/olap_documents/rapports_loyers/Rapport%20Paris%202025.pdf,2025-08 (mis en ligne 2025-10-29),niveaux au 2025-01-01,Tous logements confondus (tableau 3 du rapport).
loyer_m2_petite_couronne_1p,loyer,petite_couronne|1p,Loyer au m2 - petite_couronne - 1 piece(s),23.7,EUR/m2/mois,officiel,OLAP,https://www.observatoire-des-loyers.fr/sites/default/files/olap_documents/rapports_loyers/Rapport%20Paris%202025.pdf,2025-08 (mis en ligne 2025-10-29),niveaux au 2025-01-01,Tous logements confondus (tableau 3 du rapport).
loyer_m2_petite_couronne_2p,loyer,petite_couronne|2p,Loyer au m2 - petite_couronne - 2 piece(s),20.2,EUR/m2/mois,officiel,OLAP,https://www.observatoire-des-loyers.fr/sites/default/files/olap_documents/rapports_loyers/Rapport%20Paris%202025.pdf,2025-08 (mis en ligne 2025-10-29),niveaux au 2025-01-01,Tous logements confondus (tableau 3 du rapport).
loyer_m2_petite_couronne_3p,loyer,petite_couronne|3p,Loyer au m2 - petite_couronne - 3 piece(s),17.9,EUR/m2/mois,officiel,OLAP,https://www.observatoire-des-loyers.fr/sites/default/files/olap_documents/rapports_loyers/Rapport%20Paris%202025.pdf,2025-08 (mis en ligne 2025-10-29),niveaux au 2025-01-01,Tous logements confondus (tableau 3 du rapport).
loyer_m2_petite_couronne_4p,loyer,petite_couronne|4p,Loyer au m2 - petite_couronne - 4 piece(s),16.9,EUR/m2/mois,officiel,OLAP,https://www.observatoire-des-loyers.fr/sites/default/files/olap_documents/rapports_loyers/Rapport%20Paris%202025.pdf,2025-08 (mis en ligne 2025-10-29),niveaux au 2025-01-01,Tous logements confondus (tableau 3 du rapport).
loyer_m2_petite_couronne_5p,loyer,petite_couronne|5p,Loyer au m2 - petite_couronne - 5 pieces et plus,18.5,EUR/m2/mois,officiel,OLAP,https://www.observatoire-des-loyers.fr/sites/default/files/olap_documents/rapports_loyers/Rapport%20Paris%202025.pdf,2025-08 (mis en ligne 2025-10-29),niveaux au 2025-01-01,Tous logements confondus (tableau 3 du rapport).
loyer_m2_grande_couronne_1p,loyer,grande_couronne|1p,Loyer au m2 - grande_couronne - 1 piece(s),21.4,EUR/m2/mois,officiel,OLAP,https://www.observatoire-des-loyers.fr/sites/default/files/olap_documents/rapports_loyers/Rapport%20Paris%202025.pdf,2025-08 (mis en ligne 2025-10-29),niveaux au 2025-01-01,Tous logements confondus (tableau 3 du rapport).
loyer_m2_grande_couronne_2p,loyer,grande_couronne|2p,Loyer au m2 - grande_couronne - 2 piece(s),17.0,EUR/m2/mois,officiel,OLAP,https://www.observatoire-des-loyers.fr/sites/default/files/olap_documents/rapports_loyers/Rapport%20Paris%202025.pdf,2025-08 (mis en ligne 2025-10-29),niveaux au 2025-01-01,Tous logements confondus (tableau 3 du rapport).
loyer_m2_grande_couronne_3p,loyer,grande_couronne|3p,Loyer au m2 - grande_couronne - 3 piece(s),14.6,EUR/m2/mois,officiel,OLAP,https://www.observatoire-des-loyers.fr/sites/default/files/olap_documents/rapports_loyers/Rapport%20Paris%202025.pdf,2025-08 (mis en ligne 2025-10-29),niveaux au 2025-01-01,Tous logements confondus (tableau 3 du rapport).
loyer_m2_grande_couronne_4p,loyer,grande_couronne|4p,Loyer au m2 - grande_couronne - 4 piece(s),14.0,EUR/m2/mois,officiel,OLAP,https://www.observatoire-des-loyers.fr/sites/default/files/olap_documents/rapports_loyers/Rapport%20Paris%202025.pdf,2025-08 (mis en ligne 2025-10-29),niveaux au 2025-01-01,Tous logements confondus (tableau 3 du rapport).
loyer_m2_grande_couronne_5p,loyer,grande_couronne|5p,Loyer au m2 - grande_couronne - 5 pieces et plus,14.3,EUR/m2/mois,officiel,OLAP,https://www.observatoire-des-loyers.fr/sites/default/files/olap_documents/rapports_loyers/Rapport%20Paris%202025.pdf,2025-08 (mis en ligne 2025-10-29),niveaux au 2025-01-01,Tous logements confondus (tableau 3 du rapport).
loyer_m2_emmenages_recents_paris,loyer,paris,Loyer au m2 emmenages recents - paris,28.3,EUR/m2/mois,officiel,OLAP,https://www.observatoire-des-loyers.fr/sites/default/files/olap_documents/rapports_loyers/Rapport%20Paris%202025.pdf,2025-08 (mis en ligne 2025-10-29),niveaux au 2025-01-01,A utiliser pour simuler une nouvelle location.
loyer_m2_emmenages_recents_petite_couronne,loyer,petite_couronne,Loyer au m2 emmenages recents - petite_couronne,21.3,EUR/m2/mois,officiel,OLAP,https://www.observatoire-des-loyers.fr/sites/default/files/olap_documents/rapports_loyers/Rapport%20Paris%202025.pdf,2025-08 (mis en ligne 2025-10-29),niveaux au 2025-01-01,A utiliser pour simuler une nouvelle location.
loyer_m2_emmenages_recents_grande_couronne,loyer,grande_couronne,Loyer au m2 emmenages recents - grande_couronne,16.9,EUR/m2/mois,officiel,OLAP,https://www.observatoire-des-loyers.fr/sites/default/files/olap_documents/rapports_loyers/Rapport%20Paris%202025.pdf,2025-08 (mis en ligne 2025-10-29),niveaux au 2025-01-01,A utiliser pour simuler une nouvelle location.
loyer_olap_2026,loyer,,Rapport OLAP loyers au 2026-01-01,,,introuvable,OLAP,https://www.observatoire-des-loyers.fr/observatoire/actualites/nouveau-sur-le-site/rapport-agglomeration-parisienne-2025,,,Aucun rapport 2026 identifie ; le rapport d'aout 2025 reste le plus recent.
loyer_olap_euros_par_pieces,loyer,,Loyer en euros et surface par nombre de pieces (annexe OLAP),,,introuvable,OLAP,https://www.observatoire-des-loyers.fr/sites/default/files/olap_documents/rapports_loyers/Rapport%20Paris%202025.pdf,,,Seul le loyer au m2 par nombre de pieces a ete extrait.
encadrement_arrete_numero,encadrement_loyers,paris,Arrete prefectoral en vigueur,IDF-2026-06-12-00003,texte,officiel,DRIHL,https://www.drihl.ile-de-france.developpement-durable.gouv.fr/IMG/pdf/arrete_no_2026-06-12-00003_fixant_les_loyers_de_reference_les_loyers_de_reference_majores_et_les_loyers_de_reference_minores_pour_de_la_ville_de_paris_du_1er_jullet_2026_au_24_novembre_2026_.pdf,2026-06-12,2026-07-01 au 2026-11-24,Arrete valable seulement jusqu'a la fin de l'experimentation ELAN ; prolongation dependante d'une loi non votee. Rendre le plafond desactivable.
encadrement_validite_debut,encadrement_loyers,paris,Debut de validite,2026-07-01,date,officiel,DRIHL,https://www.drihl.ile-de-france.developpement-durable.gouv.fr/IMG/pdf/arrete_no_2026-06-12-00003_fixant_les_loyers_de_reference_les_loyers_de_reference_majores_et_les_loyers_de_reference_minores_pour_de_la_ville_de_paris_du_1er_jullet_2026_au_24_novembre_2026_.pdf,2026-06-12,,Arrete valable seulement jusqu'a la fin de l'experimentation ELAN ; prolongation dependante d'une loi non votee. Rendre le plafond desactivable.
encadrement_validite_fin,encadrement_loyers,paris,Fin de validite,2026-11-24,date,officiel,DRIHL,https://www.drihl.ile-de-france.developpement-durable.gouv.fr/IMG/pdf/arrete_no_2026-06-12-00003_fixant_les_loyers_de_reference_les_loyers_de_reference_majores_et_les_loyers_de_reference_minores_pour_de_la_ville_de_paris_du_1er_jullet_2026_au_24_novembre_2026_.pdf,2026-06-12,,Arrete valable seulement jusqu'a la fin de l'experimentation ELAN ; prolongation dependante d'une loi non votee. Rendre le plafond desactivable.
encadrement_majoration,encadrement_loyers,paris,Loyer de reference majore (par rapport au loyer de reference),20,%,officiel,DRIHL,https://www.drihl.ile-de-france.developpement-durable.gouv.fr/IMG/pdf/arrete_no_2026-06-12-00003_fixant_les_loyers_de_reference_les_loyers_de_reference_majores_et_les_loyers_de_reference_minores_pour_de_la_ville_de_paris_du_1er_jullet_2026_au_24_novembre_2026_.pdf,2026-06-12,2026-07-01 au 2026-11-24,Loyer majore = loyer de reference + 20 %.
encadrement_minoration,encadrement_loyers,paris,Loyer de reference minore (par rapport au loyer de reference),-30,%,officiel,DRIHL,https://www.drihl.ile-de-france.developpement-durable.gouv.fr/IMG/pdf/arrete_no_2026-06-12-00003_fixant_les_loyers_de_reference_les_loyers_de_reference_majores_et_les_loyers_de_reference_minores_pour_de_la_ville_de_paris_du_1er_jullet_2026_au_24_novembre_2026_.pdf,2026-06-12,2026-07-01 au 2026-11-24,Loyer minore = loyer de reference - 30 %.
encadrement_telechargement,encadrement_loyers,paris,Telechargement des loyers de reference (annexe 2 de l'arrete),https://www.drihl.ile-de-france.developpement-durable.gouv.fr/IMG/pdf/arrete_no_2026-06-12-00003_fixant_les_loyers_de_reference_les_loyers_de_reference_majores_et_les_loyers_de_reference_minores_pour_de_la_ville_de_paris_du_1er_jullet_2026_au_24_novembre_2026_.pdf,url,officiel,DRIHL,https://www.drihl.ile-de-france.developpement-durable.gouv.fr/IMG/pdf/arrete_no_2026-06-12-00003_fixant_les_loyers_de_reference_les_loyers_de_reference_majores_et_les_loyers_de_reference_minores_pour_de_la_ville_de_paris_du_1er_jullet_2026_au_24_novembre_2026_.pdf,2026-06-12,2026-07-01 au 2026-11-24,"Loyers par secteur (14 zones, 80 quartiers), epoque de construction, nombre de pieces, vide ou meuble. Annonce DRIHL du 2026-07-01 : https://www.drihl.ile-de-france.developpement-durable.gouv.fr/renouvellement-2026-de-l-arrete-annuel-d-a1512.html?lang=fr ; page Ville de Paris : https://www.paris.fr/pages/l-encadrement-des-loyers-comprendre-le-dispositif-29091"
prix_m2_t2_2026_idf,prix_immobilier,ile_de_france,Prix m2 appartements anciens - Ile-de-France (T2 2026),6130,EUR/m2,officiel,Notaires du Grand Paris,https://paris.notaires.fr/fr/presse/communication-immobiliere-mensuelle/conjoncture-immobiliere-en-ile-de-france-au-2e-trimestre-2026,2026-09-08,T2 2026,"+0,3 % sur un an."
prix_m2_t2_2026_75,prix_immobilier,paris,Prix m2 appartements anciens - Paris (T2 2026),9560,EUR/m2,non_verifie_presse,Presse (citant Notaires du Grand Paris),https://paris.notaires.fr/fr/presse/communication-immobiliere-mensuelle/conjoncture-immobiliere-en-ile-de-france-au-2e-trimestre-2026,2026-09-08,T2 2026,"Chiffre de presse, non lu dans le PDF officiel."
prix_m2_t2_2026_92,prix_immobilier,92,Prix m2 appartements anciens - Hauts-de-Seine (T2 2026),5940,EUR/m2,non_verifie_presse,"Source secondaire (europe-business-news.com, citant Notaires du Grand Paris)",https://paris.notaires.fr/fr/presse/communication-immobiliere-mensuelle/conjoncture-immobiliere-en-ile-de-france-au-2e-trimestre-2026,2026-09-09,T2 2026,Non verifie.
prix_m2_t2_2026_77,prix_immobilier,77,Prix m2 appartements anciens - Seine-et-Marne (T2 2026),2810,EUR/m2,non_verifie_presse,"Source secondaire (europe-business-news.com, citant Notaires du Grand Paris)",https://paris.notaires.fr/fr/presse/communication-immobiliere-mensuelle/conjoncture-immobiliere-en-ile-de-france-au-2e-trimestre-2026,2026-09-09,T2 2026,Non verifie.
prix_m2_t2_2026_93,prix_immobilier,93,Prix m2 appartements anciens - departement 93 (T2 2026),,EUR/m2,introuvable,Notaires du Grand Paris,http://paris.notaires.fr/sites/default/files/2026-09/Dossier%20de%20presse_T2%202026.pdf,2026-09-08,T2 2026,Le PDF du dossier de presse T2 2026 n'a pas pu etre ouvert. Utiliser la serie nov. 2025-janv. 2026.
prix_m2_t2_2026_94,prix_immobilier,94,Prix m2 appartements anciens - departement 94 (T2 2026),,EUR/m2,introuvable,Notaires du Grand Paris,http://paris.notaires.fr/sites/default/files/2026-09/Dossier%20de%20presse_T2%202026.pdf,2026-09-08,T2 2026,Le PDF du dossier de presse T2 2026 n'a pas pu etre ouvert. Utiliser la serie nov. 2025-janv. 2026.
prix_m2_t2_2026_78,prix_immobilier,78,Prix m2 appartements anciens - departement 78 (T2 2026),,EUR/m2,introuvable,Notaires du Grand Paris,http://paris.notaires.fr/sites/default/files/2026-09/Dossier%20de%20presse_T2%202026.pdf,2026-09-08,T2 2026,Le PDF du dossier de presse T2 2026 n'a pas pu etre ouvert. Utiliser la serie nov. 2025-janv. 2026.
prix_m2_t2_2026_91,prix_immobilier,91,Prix m2 appartements anciens - departement 91 (T2 2026),,EUR/m2,introuvable,Notaires du Grand Paris,http://paris.notaires.fr/sites/default/files/2026-09/Dossier%20de%20presse_T2%202026.pdf,2026-09-08,T2 2026,Le PDF du dossier de presse T2 2026 n'a pas pu etre ouvert. Utiliser la serie nov. 2025-janv. 2026.
prix_m2_t2_2026_95,prix_immobilier,95,Prix m2 appartements anciens - departement 95 (T2 2026),,EUR/m2,introuvable,Notaires du Grand Paris,http://paris.notaires.fr/sites/default/files/2026-09/Dossier%20de%20presse_T2%202026.pdf,2026-09-08,T2 2026,Le PDF du dossier de presse T2 2026 n'a pas pu etre ouvert. Utiliser la serie nov. 2025-janv. 2026.
prix_m2_janv_2026_idf,prix_immobilier,ile_de_france,Prix m2 appartements anciens - ile_de_france (nov. 2025 a janv. 2026),6140,EUR/m2,officiel,Notaires du Grand Paris,https://notairesdugrandparis.fr/sites/default/files/2026-03/Communiqu%C3%A9%20mensuel_2026-03_prix%20fin%20janvier%202026.pdf,2026-03-26,2025-11 a 2026-01,Dernier tableau complet par departement verifie. Prix quasi stables sur un an (erreur probable < 1 % vs T2 2026).
prix_m2_janv_2026_75,prix_immobilier,paris,Prix m2 appartements anciens - paris (nov. 2025 a janv. 2026),9570,EUR/m2,officiel,Notaires du Grand Paris,https://notairesdugrandparis.fr/sites/default/files/2026-03/Communiqu%C3%A9%20mensuel_2026-03_prix%20fin%20janvier%202026.pdf,2026-03-26,2025-11 a 2026-01,Dernier tableau complet par departement verifie. Prix quasi stables sur un an (erreur probable < 1 % vs T2 2026).
prix_m2_janv_2026_petite_couronne,prix_immobilier,petite_couronne,Prix m2 appartements anciens - petite_couronne (nov. 2025 a janv. 2026),4910,EUR/m2,officiel,Notaires du Grand Paris,https://notairesdugrandparis.fr/sites/default/files/2026-03/Communiqu%C3%A9%20mensuel_2026-03_prix%20fin%20janvier%202026.pdf,2026-03-26,2025-11 a 2026-01,Dernier tableau complet par departement verifie. Prix quasi stables sur un an (erreur probable < 1 % vs T2 2026).
prix_m2_janv_2026_92,prix_immobilier,92,Prix m2 appartements anciens - 92 (nov. 2025 a janv. 2026),5960,EUR/m2,officiel,Notaires du Grand Paris,https://notairesdugrandparis.fr/sites/default/files/2026-03/Communiqu%C3%A9%20mensuel_2026-03_prix%20fin%20janvier%202026.pdf,2026-03-26,2025-11 a 2026-01,Dernier tableau complet par departement verifie. Prix quasi stables sur un an (erreur probable < 1 % vs T2 2026).
prix_m2_janv_2026_93,prix_immobilier,93,Prix m2 appartements anciens - 93 (nov. 2025 a janv. 2026),3690,EUR/m2,officiel,Notaires du Grand Paris,https://notairesdugrandparis.fr/sites/default/files/2026-03/Communiqu%C3%A9%20mensuel_2026-03_prix%20fin%20janvier%202026.pdf,2026-03-26,2025-11 a 2026-01,Dernier tableau complet par departement verifie. Prix quasi stables sur un an (erreur probable < 1 % vs T2 2026).
prix_m2_janv_2026_94,prix_immobilier,94,Prix m2 appartements anciens - 94 (nov. 2025 a janv. 2026),4750,EUR/m2,officiel,Notaires du Grand Paris,https://notairesdugrandparis.fr/sites/default/files/2026-03/Communiqu%C3%A9%20mensuel_2026-03_prix%20fin%20janvier%202026.pdf,2026-03-26,2025-11 a 2026-01,Dernier tableau complet par departement verifie. Prix quasi stables sur un an (erreur probable < 1 % vs T2 2026).
prix_m2_janv_2026_grande_couronne,prix_immobilier,grande_couronne,Prix m2 appartements anciens - grande_couronne (nov. 2025 a janv. 2026),3190,EUR/m2,officiel,Notaires du Grand Paris,https://notairesdugrandparis.fr/sites/default/files/2026-03/Communiqu%C3%A9%20mensuel_2026-03_prix%20fin%20janvier%202026.pdf,2026-03-26,2025-11 a 2026-01,Dernier tableau complet par departement verifie. Prix quasi stables sur un an (erreur probable < 1 % vs T2 2026).
prix_m2_janv_2026_77,prix_immobilier,77,Prix m2 appartements anciens - 77 (nov. 2025 a janv. 2026),2770,EUR/m2,officiel,Notaires du Grand Paris,https://notairesdugrandparis.fr/sites/default/files/2026-03/Communiqu%C3%A9%20mensuel_2026-03_prix%20fin%20janvier%202026.pdf,2026-03-26,2025-11 a 2026-01,Dernier tableau complet par departement verifie. Prix quasi stables sur un an (erreur probable < 1 % vs T2 2026).
prix_m2_janv_2026_78,prix_immobilier,78,Prix m2 appartements anciens - 78 (nov. 2025 a janv. 2026),4050,EUR/m2,officiel,Notaires du Grand Paris,https://notairesdugrandparis.fr/sites/default/files/2026-03/Communiqu%C3%A9%20mensuel_2026-03_prix%20fin%20janvier%202026.pdf,2026-03-26,2025-11 a 2026-01,Dernier tableau complet par departement verifie. Prix quasi stables sur un an (erreur probable < 1 % vs T2 2026).
prix_m2_janv_2026_91,prix_immobilier,91,Prix m2 appartements anciens - 91 (nov. 2025 a janv. 2026),2790,EUR/m2,officiel,Notaires du Grand Paris,https://notairesdugrandparis.fr/sites/default/files/2026-03/Communiqu%C3%A9%20mensuel_2026-03_prix%20fin%20janvier%202026.pdf,2026-03-26,2025-11 a 2026-01,Dernier tableau complet par departement verifie. Prix quasi stables sur un an (erreur probable < 1 % vs T2 2026).
prix_m2_janv_2026_95,prix_immobilier,95,Prix m2 appartements anciens - 95 (nov. 2025 a janv. 2026),2880,EUR/m2,officiel,Notaires du Grand Paris,https://notairesdugrandparis.fr/sites/default/files/2026-03/Communiqu%C3%A9%20mensuel_2026-03_prix%20fin%20janvier%202026.pdf,2026-03-26,2025-11 a 2026-01,Dernier tableau complet par departement verifie. Prix quasi stables sur un an (erreur probable < 1 % vs T2 2026).
prix_m2_t4_2025_idf,prix_immobilier,ile_de_france,Prix m2 appartements anciens - ile_de_france (T4 2025),6160,EUR/m2,officiel,Notaires du Grand Paris,https://paris.notaires.fr/sites/default/files/Historiquedesprixdesappartementspardep_3.pdf,non indiquee,T4 2025,Serie trimestrielle officielle (historique par departement).
prix_m2_t4_2025_75,prix_immobilier,paris,Prix m2 appartements anciens - paris (T4 2025),9600,EUR/m2,officiel,Notaires du Grand Paris,https://paris.notaires.fr/sites/default/files/Historiquedesprixdesappartementspardep_3.pdf,non indiquee,T4 2025,Serie trimestrielle officielle (historique par departement).
prix_m2_t4_2025_92,prix_immobilier,92,Prix m2 appartements anciens - 92 (T4 2025),5990,EUR/m2,officiel,Notaires du Grand Paris,https://paris.notaires.fr/sites/default/files/Historiquedesprixdesappartementspardep_3.pdf,non indiquee,T4 2025,Serie trimestrielle officielle (historique par departement).
prix_m2_t4_2025_93,prix_immobilier,93,Prix m2 appartements anciens - 93 (T4 2025),3710,EUR/m2,officiel,Notaires du Grand Paris,https://paris.notaires.fr/sites/default/files/Historiquedesprixdesappartementspardep_3.pdf,non indiquee,T4 2025,Serie trimestrielle officielle (historique par departement).
prix_m2_t4_2025_94,prix_immobilier,94,Prix m2 appartements anciens - 94 (T4 2025),4740,EUR/m2,officiel,Notaires du Grand Paris,https://paris.notaires.fr/sites/default/files/Historiquedesprixdesappartementspardep_3.pdf,non indiquee,T4 2025,Serie trimestrielle officielle (historique par departement).
prix_m2_t4_2025_77,prix_immobilier,77,Prix m2 appartements anciens - 77 (T4 2025),2800,EUR/m2,officiel,Notaires du Grand Paris,https://paris.notaires.fr/sites/default/files/Historiquedesprixdesappartementspardep_3.pdf,non indiquee,T4 2025,Serie trimestrielle officielle (historique par departement).
prix_m2_t4_2025_78,prix_immobilier,78,Prix m2 appartements anciens - 78 (T4 2025),4050,EUR/m2,officiel,Notaires du Grand Paris,https://paris.notaires.fr/sites/default/files/Historiquedesprixdesappartementspardep_3.pdf,non indiquee,T4 2025,Serie trimestrielle officielle (historique par departement).
prix_m2_t4_2025_91,prix_immobilier,91,Prix m2 appartements anciens - 91 (T4 2025),2810,EUR/m2,officiel,Notaires du Grand Paris,https://paris.notaires.fr/sites/default/files/Historiquedesprixdesappartementspardep_3.pdf,non indiquee,T4 2025,Serie trimestrielle officielle (historique par departement).
prix_m2_t4_2025_95,prix_immobilier,95,Prix m2 appartements anciens - 95 (T4 2025),2890,EUR/m2,officiel,Notaires du Grand Paris,https://paris.notaires.fr/sites/default/files/Historiquedesprixdesappartementspardep_3.pdf,non indiquee,T4 2025,Serie trimestrielle officielle (historique par departement).
alim_part_budget_agglo_paris,alimentation,agglomeration_paris,Part de l'alimentation a domicile dans le budget,14,% du budget,officiel,INSEE,https://www.insee.fr/fr/statistiques/4127596,2019 (Insee Premiere n 1749),2017,"Enquete Budget de famille 2017 ; perimetre agglomeration parisienne (unite urbaine), pas la region IdF. Prochaine enquete : premiers resultats attendus en 2028."
conso_ecart_agglo_paris_menage,alimentation,agglomeration_paris,Consommation totale vs moyenne nationale (par menage),16,%,officiel,INSEE,https://www.insee.fr/fr/statistiques/4127596,2019 (Insee Premiere n 1749),2017,"Enquete Budget de famille 2017 ; perimetre agglomeration parisienne (unite urbaine), pas la region IdF. Prochaine enquete : premiers resultats attendus en 2028."
conso_ecart_agglo_paris_uc,alimentation,agglomeration_paris,Consommation totale vs moyenne nationale (par unite de consommation),18,%,officiel,INSEE,https://www.insee.fr/fr/statistiques/4127596,2019 (Insee Premiere n 1749),2017,"Enquete Budget de famille 2017 ; perimetre agglomeration parisienne (unite urbaine), pas la region IdF. Prochaine enquete : premiers resultats attendus en 2028."
alim_part_budget_france,alimentation,france,Part de l'alimentation hors tabac et alcool (moyenne nationale),15.6,% du budget,officiel,INSEE,https://www.insee.fr/fr/statistiques/4127596,2019 (Insee Premiere n 1749),2017,Moyenne nationale.
conso_menage_france,alimentation,france,Consommation moyenne annuelle d'un menage (moyenne nationale),34000,EUR/an,officiel,INSEE,https://www.insee.fr/fr/statistiques/4127596,2019 (Insee Premiere n 1749),2017,Moyenne nationale.
alim_mensuel_estime_agglo_paris,alimentation,agglomeration_paris,Depense alimentaire mensuelle estimee par menage (calcul : 34000 x 1.16 x 14 % / 12),460,EUR/mois (euros 2017),derive_non_officiel,Calcul a partir de l'INSEE,https://www.insee.fr/fr/statistiques/4127596,,2017,"Estimation, pas un chiffre INSEE. A revaloriser avec l'indice des prix alimentaires ou laisser l'utilisateur saisir son budget."
alim_mensuel_officiel,alimentation,ile_de_france,Montant mensuel officiel en euros pour l'Ile-de-France,,,introuvable,INSEE,https://www.insee.fr/fr/statistiques/4127596,,,Aucun montant mensuel en euros publie pour l'IdF dans les sources autorisees.
frais_acquisition_total_ancien,frais_acquisition,ile_de_france,Frais et taxes totaux dans l'ancien (region parisienne),8,% du prix,officiel,Notaires du Grand Paris,https://paris.notaires.fr/fr/actualites/ventes-immobilieres-augmentation-des-droits-denregistrement-dans-le-grand-paris,2025-05-16,2025-04-01 au 2028-03-31,"Formulation officielle : proches de 8 %. Hausse temporaire des droits de mutation : actes signes du 2025-04-01 au 2028-03-31 (article 116, loi de finances 2025)."
dmto_taux_departemental,frais_acquisition,ile_de_france,Taux departemental des droits de mutation (8 departements),5,%,officiel,Notaires du Grand Paris,https://paris.notaires.fr/fr/actualites/ventes-immobilieres-augmentation-des-droits-denregistrement-dans-le-grand-paris,2025-05-16,2025-04-01 au 2028-03-31,"Au lieu de 4,5 %. Hausse temporaire des droits de mutation : actes signes du 2025-04-01 au 2028-03-31 (article 116, loi de finances 2025)."
dmto_taux_primo_accedant,frais_acquisition,ile_de_france,Taux departemental pour primo-accedants (residence principale),4.5,%,officiel,Notaires du Grand Paris,https://paris.notaires.fr/fr/actualites/ventes-immobilieres-augmentation-des-droits-denregistrement-dans-le-grand-paris,2025-05-16,2025-04-01 au 2028-03-31,Non concernes par la hausse.
frais_acquisition_primo_estime,frais_acquisition,ile_de_france,Frais totaux estimes pour un primo-accedant,7.5,% du prix,derive_non_officiel,Estimation (non publiee),https://paris.notaires.fr/fr/actualites/ventes-immobilieres-augmentation-des-droits-denregistrement-dans-le-grand-paris,,,Valeur approximative deduite du taux departemental reduit.
taux_credit_habitat_2026_07,credit_habitat,france,Taux moyen nouveaux credits a l'habitat hors renegociations,3.3,%,officiel,Banque de France,https://www.banque-france.fr/en/statistics/loans/loans-individuals-france-2026-07,2026-09-04,2026-07,"Taux effectif au sens etroit, hors frais et assurance (pas un TAEG). Troisieme hausse mensuelle consecutive ; prevoir un scenario ~3.5 %."
taux_credit_habitat_avec_reneg_2026_07,credit_habitat,france,Taux moyen credits a l'habitat y compris renegociations,3.19,%,officiel,Banque de France,https://www.banque-france.fr/en/statistics/loans/loans-individuals-france-2026-07,2026-09-04,2026-07,"Taux effectif au sens etroit, hors frais et assurance (pas un TAEG)."
taux_credit_habitat_2026_06,credit_habitat,france,Taux moyen nouveaux credits a l'habitat hors renegociations,3.27,%,officiel,Banque de France,https://www.banque-france.fr/en/statistics/loans/loans-individuals-france-2026-07,2026-09-04,2026-06,"Taux effectif au sens etroit, hors frais et assurance (pas un TAEG)."
taux_credit_habitat_2026_05,credit_habitat,france,Taux moyen nouveaux credits a l'habitat hors renegociations,3.21,%,officiel,Banque de France,https://www.banque-france.fr/en/statistics/loans/loans-individuals-france-2026-07,2026-09-04,2026-05,"Taux effectif au sens etroit, hors frais et assurance (pas un TAEG)."
taux_credit_habitat_2025_07,credit_habitat,france,Taux moyen nouveaux credits a l'habitat hors renegociations,3.09,%,officiel,Banque de France,https://www.banque-france.fr/en/statistics/loans/loans-individuals-france-2026-07,2026-09-04,2025-07,"Taux effectif au sens etroit, hors frais et assurance (pas un TAEG)."
duree_moyenne_pret_rp,credit_habitat,france,Duree initiale moyenne des nouveaux prets (residence principale),23.33,annees,officiel,Banque de France,https://www.banque-france.fr/en/statistics/loans/loans-individuals-france-2025-12,,2025-12,23 ans et 4 mois.
taux_credit_aout_2026,credit_habitat,france,Taux moyen nouveaux credits - aout 2026,,,introuvable,Banque de France,https://www.banque-france.fr/en/statistics/loans/loans-individuals-france-2026-07,,2026-08,Non publie au 2026-10-02 ; publication attendue debut octobre.
hcsf_taux_effort_max,credit_habitat,france,Taux d'effort maximal (assurance comprise),35,%,source_secondaire,HCSF (via presse),https://presse.economie.gouv.fr,2026-09-15,seance T3 2026,Source secondaire (presse) ; communique HCSF du 2026-09-15 non lu. Decision de reference D-HCSF-2021-7 modifiee en 2023.
hcsf_duree_max,credit_habitat,france,Duree maximale du credit,25,annees,source_secondaire,HCSF (via presse),https://presse.economie.gouv.fr,2026-09-15,seance T3 2026,Source secondaire (presse) ; communique HCSF du 2026-09-15 non lu. Decision de reference D-HCSF-2021-7 modifiee en 2023. Jusqu'a 27 ans pour le neuf avec differe.
hcsf_marge_flexibilite,credit_habitat,france,Marge de flexibilite des banques,20,%,source_secondaire,HCSF (via presse),https://presse.economie.gouv.fr,2026-09-15,seance T3 2026,Source secondaire (presse) ; communique HCSF du 2026-09-15 non lu. Decision de reference D-HCSF-2021-7 modifiee en 2023.
